user_id,first_name,last_name,email,city,registration_date
U-e4b24f94,Amador,Llopis,jacintochaparro@example.net,Soria,2025-07-12 03:48:47.516168
U-aa5a66d1,Caridad,Bonet,banton@example.org,Ceuta,2025-08-18 02:41:01.995840
U-fcb6fc14,Amando,Flor,cgimenez@example.net,Zaragoza,2025-05-24 05:20:48.365628
U-d47c110c,Martina,Cuervo,rnieto@example.org,Valladolid,2025-10-04 01:30:18.916526
U-2095e1cd,Cirino,Pinto,palomarrebeca@example.com,Zaragoza,2025-03-23 15:00:09.574672
U-3595f93c,Ángel,Casanovas,jbermudez@example.com,Ourense,2024-12-06 15:03:37.168023
U-3815e02e,Buenaventura,Arroyo,maria-teresamancebo@example.org,Badajoz,2025-01-29 22:52:56.982334
U-4c9bebfc,Wilfredo,Patiño,raimundopadilla@example.org,Tarragona,2025-04-08 12:20:24.632835
U-9f9248c9,Flora,Bellido,bibianahierro@example.org,Jaén,2025-10-28 15:31:43.078101
U-8faa1d4f,Ángela,Gimenez,pia03@example.org,La Coruña,2025-02-27 07:10:38.665469
U-8f65959c,Héctor,Miranda,gabrielavalera@example.com,Burgos,2025-02-26 11:50:40.264770
U-3e98ae85,Jose Manuel,Jódar,xpujol@example.org,Málaga,2025-02-25 10:47:04.930683
U-ad03d281,Marisol,Arévalo,coronadoeulalia@example.org,Pontevedra,2025-05-19 21:37:59.369079
U-2897f60a,Rico,Solé,carolina01@example.net,Vizcaya,2024-12-13 22:56:13.741208
U-42f8c02c,Dani,Marin,dcruz@example.org,Málaga,2025-07-12 17:15:35.280013
U-5f565af1,Anunciación,Camino,prudencia89@example.org,Huesca,2025-08-25 21:13:23.909306
U-123fc047,Calista,Abascal,amaya01@example.com,Ciudad,2025-08-26 02:01:44.591170
U-1ead3029,Selena,Bermúdez,torreolalla@example.org,Barcelona,2024-12-11 21:51:32.050561
U-504a0103,Carmela,Dalmau,belen96@example.org,Teruel,2025-07-19 13:51:05.946161
U-6c9f0768,Hilda,Perea,cvillar@example.org,Ceuta,2025-03-14 13:04:08.962465
U-2b1fd3bd,Alfonso,Grau,adrianbelda@example.net,Ceuta,2024-12-14 03:18:04.666548
U-f173a0b6,Amílcar,Murillo,vilaplanajordan@example.com,Castellón,2024-12-15 08:51:40.747287
U-787f2d11,Loreto,Suárez,milagrossuarez@example.com,Badajoz,2025-06-05 14:07:25.260465
U-10c7a140,Tomás,Pablo,dreig@example.net,Soria,2024-12-26 03:32:54.157520
U-5bc85dae,Flavia,Cabello,quevedoluisa@example.com,Ciudad,2025-07-17 06:42:16.277950
U-a14f430b,Brunilda,Sanabria,telmoespanol@example.com,Ciudad,2025-01-29 16:45:48.515059
U-7204f974,Carlos,Salazar,ayusoflorinda@example.net,Ávila,2025-10-05 22:55:53.047570
U-a5082c29,Reina,Guzmán,santostorralba@example.com,La Coruña,2025-10-24 21:24:33.176144
U-0792499d,Fidel,Pinilla,porterojuan-manuel@example.com,Las Palmas,2025-10-16 03:50:02.206741
U-04248fd0,Lupe,Torrecilla,goyomartin@example.org,Palencia,2025-08-02 00:34:33.657535
U-2b4bf697,Benjamín,Mir,ayllondaniela@example.com,Almería,2025-08-16 07:29:31.670291
U-e80ab082,Cecilio,Estevez,bayoimelda@example.org,Baleares,2025-11-06 10:51:27.493663
U-7c683216,Clotilde,Hoz,bilbaosimon@example.net,Córdoba,2025-10-30 10:48:59.468297
U-24ba9e3b,Lilia,Miralles,juan-manuelpriego@example.org,Lleida,2025-02-03 07:44:42.113021
U-9520eb94,Maricruz,Belmonte,sedanoester@example.net,Asturias,2025-03-16 04:08:48.061629
U-df48ff10,Antonia,Lara,pacobayona@example.org,Girona,2025-06-05 00:06:42.567749
U-4470b40e,Perla,Mate,marigracia@example.org,Córdoba,2025-01-17 08:17:48.105218
U-a522fc92,Custodio,Cortés,lope93@example.net,Castellón,2025-01-01 21:35:22.550337
U-6355abe0,Reyna,Laguna,diglesias@example.org,Cuenca,2025-07-29 16:54:33.453879
U-d7a260e4,Nazario,Castrillo,felix78@example.net,Navarra,2024-12-06 20:38:04.120095
U-520cd761,Carlos,Company,peirodafne@example.net,Las Palmas,2024-11-24 07:08:27.646849
U-75d5471c,Mario,Pastor,pallareshumberto@example.net,Sevilla,2025-01-06 06:51:25.896081
U-7fe56ec3,Melisa,Ramos,angelaguzman@example.org,La Rioja,2024-12-28 06:54:23.653041
U-5966c1de,Maite,Márquez,rhurtado@example.org,Jaén,2024-11-29 19:33:46.708821
U-8079369c,Rosa María,Sosa,heracliosegui@example.com,Zamora,2025-10-05 02:36:55.665726
U-3005ebdb,Jacinto,Alvarez,sabasmoya@example.com,Vizcaya,2025-10-04 19:13:27.258976
U-2746239f,Felipa,Vergara,bmunoz@example.org,Cádiz,2025-03-02 15:34:09.770477
U-c3447887,Juan Manuel,Arenas,roviraonofre@example.net,Las Palmas,2025-06-20 16:24:01.843184
U-648392c9,Ariadna,Carlos,qfalcon@example.org,Álava,2025-06-30 00:49:26.397862
U-87a80eb0,Noelia,Figueras,tomas15@example.net,Sevilla,2025-05-29 12:56:12.112396
U-3f6ddc9e,Lola,Mas,griselda65@example.com,Navarra,2025-09-26 07:02:53.854512
U-2822a9b8,Sosimo,Pinilla,encarnacionmascaro@example.com,Granada,2025-01-06 05:28:32.031129
U-15d84f82,Tito,Montserrat,csala@example.net,Málaga,2025-03-05 11:47:54.975178
U-5201f77e,Valentina,Doménech,luzaranzazu@example.net,Ávila,2025-05-12 11:32:43.558836
U-209eb314,Maricruz,Gutierrez,jafet32@example.org,Ciudad,2025-09-15 11:49:26.377628
U-1b2533fe,Emiliana,Beltran,oribas@example.net,Teruel,2025-11-14 21:42:50.414448
U-0629a60e,Ana Belén,Pulido,eusebioadan@example.org,Ceuta,2025-08-01 22:29:51.643469
U-824cf32c,Josefa,Villaverde,jayllon@example.org,Lleida,2025-01-23 23:12:06.394297
U-45bb3340,Abril,Molins,bvargas@example.net,Cáceres,2025-01-08 10:29:06.032846
U-f9f23c20,Aitana,Sandoval,maricruz34@example.net,Santa Cruz de Tenerife,2025-08-19 04:51:22.023945
U-749bf04b,Valerio,Berenguer,joel45@example.com,Barcelona,2025-02-16 02:13:41.561258
U-2801eb32,Rodolfo,Corominas,bernardoribera@example.com,Murcia,2025-01-14 19:42:39.631101
U-444e29e7,Bernabé,Gabaldón,xporras@example.net,Valladolid,2025-05-09 19:55:52.830482
U-48a0f74b,Albina,Aguado,marc66@example.net,Madrid,2025-06-18 21:28:54.777003
U-1a9b21f3,Tristán,Torralba,porcelnicodemo@example.net,Toledo,2025-02-08 20:34:04.669422
U-801c9d42,Adelia,Castell,pradadora@example.net,Ávila,2025-01-20 00:13:34.643234
U-ce91c2a3,Elpidio,Serrano,aurelianojuan@example.com,Castellón,2025-07-13 08:55:16.899622
U-f4407e3e,Nicolás,Pinilla,marina64@example.org,Albacete,2025-05-05 17:36:01.913720
U-329aca38,Baldomero,Olmo,florentinabayona@example.net,Valladolid,2025-08-21 03:53:13.097509
U-64fe4e49,Jose Miguel,Flores,corominasjorge@example.org,Sevilla,2024-12-02 02:15:26.044702
U-8db196a9,Isaías,Sola,maria-fernanda52@example.net,Vizcaya,2025-01-01 12:29:09.572503
U-d87dd358,María,Campoy,mesacoral@example.net,La Coruña,2025-09-15 19:30:45.833074
U-a5f4f77a,Heliodoro,Benitez,cristianmata@example.net,Zamora,2025-10-30 09:43:00.795599
U-b886ccfd,Micaela,Armengol,berta65@example.org,Álava,2025-11-14 20:54:39.469367
U-f4d25dba,Pacífica,Trillo,rosselloporfirio@example.net,Teruel,2025-09-26 20:43:00.973059
U-817666d0,Gabriel,Vélez,encarnacion87@example.com,Toledo,2025-01-15 14:38:12.877824
U-bc19e13a,Mohamed,Higueras,lorenzosocorro@example.com,Valladolid,2025-06-25 00:30:43.586793
U-d55ea96d,Emilia,Pinilla,ambrosio75@example.org,Castellón,2025-05-09 09:16:50.202800
U-ee15e157,Juan,Niño,silvia94@example.net,Melilla,2025-03-30 06:42:04.133329
U-93042fe3,Che,Hernández,jtorres@example.org,Segovia,2025-11-01 19:27:45.452776
U-6625d410,Victorino,Alemany,mariscalismael@example.com,Granada,2025-08-07 14:10:26.130524
U-f4222d5c,Rafa,Sáenz,teodoro85@example.com,Cuenca,2025-07-21 02:43:27.241077
U-715c20f9,Jerónimo,Carrillo,maximianocarreras@example.net,Cantabria,2025-03-12 16:27:06.655177
U-93e0157a,Alondra,Lloret,cornelio34@example.org,Cádiz,2025-02-07 17:57:50.003212
U-de5d5623,Leandra,Castañeda,artemio08@example.com,Santa Cruz de Tenerife,2025-03-11 02:17:54.679780
U-93fe4118,Amor,Calderon,luisadora@example.com,Guipúzcoa,2025-10-03 18:09:16.316884
U-2873b25f,Aurelio,Iriarte,ecarbonell@example.com,Asturias,2025-01-27 01:27:36.709422
U-801c532d,Itziar,Baeza,eustaquiomateu@example.org,Baleares,2025-06-19 09:08:23.190464
U-4d3321b3,Sigfrido,Gonzalez,csanjuan@example.com,Granada,2025-06-12 11:09:15.219702
U-c9bf49ce,Benito,Cabezas,eufemiagalvan@example.com,Cáceres,2025-06-16 07:37:42.985606
U-034b8e04,Carmina,Benavides,abilioreal@example.com,Girona,2025-02-16 07:39:12.243149
U-3122c129,Luis,Luna,rbelda@example.org,Zamora,2024-12-02 16:21:34.479293
U-54865119,Dolores,Figuerola,icardona@example.org,Cuenca,2025-09-05 13:45:52.887738
U-5b35b70f,Calixto,Barreda,monicamelendez@example.net,León,2025-09-18 11:43:24.250724
U-2130183c,Jennifer,Mateu,gllado@example.net,León,2025-01-05 03:46:20.964198
U-6457b777,Aníbal,Rosales,elisabet40@example.org,Soria,2024-12-20 03:06:18.241496
U-92d916c0,Coral,Almansa,corona02@example.com,Cuenca,2025-09-21 21:25:54.848145
U-fac0d3d6,Delfina,Ruano,ebou@example.com,Guipúzcoa,2025-01-26 00:16:45.746829
U-8a6af77b,Cruz,Cuevas,sergio74@example.net,Valladolid,2025-03-17 22:54:17.159847
U-925027c9,Wálter,Borja,jose-antonio51@example.com,Sevilla,2025-06-09 13:16:50.660534
